invoice_id,vendor_id,po_id,date,due_date,amount_cents,status
AP-00001,VEN-001,PO-00001,2025-01-28,2025-02-27,94676,posted
AP-00002,VEN-002,PO-00002,2025-01-28,2025-02-27,112838,posted
AP-00003,VEN-003,PO-00003,2025-01-28,2025-02-27,134999,posted
AP-00004,VEN-004,PO-00004,2025-01-28,2025-02-27,152540,posted
AP-00005,VEN-005,PO-00005,2025-01-28,2025-02-27,170777,posted
AP-00006,VEN-006,PO-00006,2025-01-28,2025-02-27,191578,posted
AP-00007,VEN-007,PO-00007,2025-01-28,2025-02-27,214811,posted
AP-00008,VEN-008,PO-00008,2025-01-28,2025-02-27,230791,posted
AP-00009,VEN-009,PO-00009,2025-01-28,2025-02-27,252384,posted
AP-00010,VEN-010,PO-00010,2025-01-28,2025-02-27,272923,posted
AP-00011,VEN-011,PO-00011,2025-01-28,2025-02-27,90913,posted
AP-00012,VEN-012,PO-00012,2025-01-28,2025-02-27,110725,posted
AP-00013,VEN-013,PO-00013,2025-01-28,2025-02-27,134121,posted
AP-00014,VEN-014,PO-00014,2025-01-28,2025-02-27,154228,posted
AP-00015,VEN-015,PO-00015,2025-01-28,2025-02-27,171120,posted
AP-00016,VEN-016,PO-00016,2025-01-28,2025-02-27,190181,posted
AP-00017,VEN-017,PO-00017,2025-01-28,2025-02-27,211935,posted
AP-00018,VEN-018,PO-00018,2025-01-28,2025-02-27,234203,posted
AP-00019,VEN-019,PO-00019,2025-01-28,2025-02-27,253321,posted
AP-00020,VEN-020,PO-00020,2025-01-28,2025-02-27,274049,posted
AP-00021,VEN-021,PO-00021,2025-01-28,2025-02-27,91484,posted
AP-00022,VEN-022,PO-00022,2025-01-28,2025-02-27,113394,posted
AP-00023,VEN-023,PO-00023,2025-01-28,2025-02-27,131828,posted
AP-00024,VEN-024,PO-00024,2025-01-28,2025-02-27,154247,posted
AP-00025,VEN-025,PO-00025,2025-01-28,2025-02-27,171212,posted
AP-00026,VEN-026,PO-00026,2025-01-28,2025-02-27,191888,posted
AP-00027,VEN-027,PO-00027,2025-01-28,2025-02-27,211072,posted
AP-00028,VEN-028,PO-00028,2025-01-28,2025-02-27,234840,posted
AP-00029,VEN-029,PO-00029,2025-01-28,2025-02-27,251001,posted
AP-00030,VEN-030,PO-00030,2025-01-28,2025-02-27,270750,posted
AP-00031,VEN-031,PO-00031,2025-01-28,2025-02-27,92496,posted
AP-00032,VEN-032,PO-00032,2025-01-28,2025-02-27,110751,posted
AP-00033,VEN-033,PO-00033,2025-01-28,2025-02-27,133521,posted
AP-00034,VEN-034,PO-00034,2025-01-28,2025-02-27,153239,posted
AP-00035,VEN-035,PO-00035,2025-01-28,2025-02-27,174460,posted
AP-00036,VEN-036,PO-00036,2025-01-28,2025-02-27,193397,posted
AP-00037,VEN-037,PO-00037,2025-01-28,2025-02-27,214964,posted
AP-00038,VEN-038,PO-00038,2025-01-28,2025-02-27,232215,posted
AP-00039,VEN-039,PO-00039,2025-01-28,2025-02-27,254762,posted
AP-00040,VEN-040,PO-00040,2025-01-28,2025-02-27,272558,posted
AP-00041,VEN-041,PO-00041,2025-01-28,2025-02-27,93389,posted
AP-00042,VEN-042,PO-00042,2025-01-28,2025-02-27,112863,posted
AP-00043,VEN-043,PO-00043,2025-01-28,2025-02-27,133743,posted
AP-00044,VEN-044,PO-00044,2025-01-28,2025-02-27,151651,posted
AP-00045,VEN-045,PO-00045,2025-01-28,2025-02-27,174818,posted
AP-00046,VEN-046,PO-00046,2025-01-28,2025-02-27,192404,posted
AP-00047,VEN-047,PO-00047,2025-01-28,2025-02-27,214880,posted
AP-00048,VEN-048,PO-00048,2025-01-28,2025-02-27,233420,posted
AP-00049,VEN-049,PO-00049,2025-01-28,2025-02-27,250477,posted
AP-00050,VEN-050,PO-00050,2025-01-28,2025-02-27,273000,posted
AP-00051,VEN-051,PO-00051,2025-01-28,2025-02-27,93200,posted
AP-00052,VEN-052,PO-00052,2025-01-28,2025-02-27,113764,posted
AP-00053,VEN-053,PO-00053,2025-01-28,2025-02-27,134548,posted
AP-00054,VEN-054,PO-00054,2025-01-28,2025-02-27,150890,posted
AP-00055,VEN-055,PO-00055,2025-01-28,2025-02-27,170407,posted
AP-00056,VEN-056,PO-00056,2025-01-28,2025-02-27,191203,posted
AP-00057,VEN-057,PO-00057,2025-01-28,2025-02-27,212097,posted
AP-00058,VEN-058,PO-00058,2025-01-28,2025-02-27,232099,posted
AP-00059,VEN-059,PO-00059,2025-01-28,2025-02-27,253620,posted
AP-00060,VEN-060,PO-00060,2025-01-28,2025-02-27,273840,posted
AP-00061,VEN-001,PO-00061,2025-02-25,2025-03-27,90243,posted
AP-00062,VEN-002,PO-00062,2025-02-25,2025-03-27,112816,posted
AP-00063,VEN-003,PO-00063,2025-02-25,2025-03-27,131623,posted
AP-00064,VEN-004,PO-00064,2025-02-25,2025-03-27,150900,posted
AP-00065,VEN-005,PO-00065,2025-02-25,2025-03-27,171761,posted
AP-00066,VEN-006,PO-00066,2025-02-25,2025-03-27,193693,posted
AP-00067,VEN-007,PO-00067,2025-02-25,2025-03-27,211046,posted
AP-00068,VEN-008,PO-00068,2025-02-25,2025-03-27,230827,posted
AP-00069,VEN-009,PO-00069,2025-02-25,2025-03-27,252876,posted
AP-00070,VEN-010,PO-00070,2025-02-25,2025-03-27,272715,posted
AP-00071,VEN-011,PO-00071,2025-02-25,2025-03-27,93586,posted
AP-00072,VEN-012,PO-00072,2025-02-25,2025-03-27,110651,posted
AP-00073,VEN-013,PO-00073,2025-02-25,2025-03-27,133635,posted
AP-00074,VEN-014,PO-00074,2025-02-25,2025-03-27,153013,posted
AP-00075,VEN-015,PO-00075,2025-02-25,2025-03-27,174904,posted
AP-00076,VEN-016,PO-00076,2025-02-25,2025-03-27,193066,posted
AP-00077,VEN-017,PO-00077,2025-02-25,2025-03-27,211670,posted
AP-00078,VEN-018,PO-00078,2025-02-25,2025-03-27,234801,posted
AP-00079,VEN-019,PO-00079,2025-02-25,2025-03-27,251613,posted
AP-00080,VEN-020,PO-00080,2025-02-25,2025-03-27,273939,posted
AP-00081,VEN-021,PO-00081,2025-02-25,2025-03-27,90948,posted
AP-00082,VEN-022,PO-00082,2025-02-25,2025-03-27,112560,posted
AP-00083,VEN-023,PO-00083,2025-02-25,2025-03-27,133822,posted
AP-00084,VEN-024,PO-00084,2025-02-25,2025-03-27,152870,posted
AP-00085,VEN-025,PO-00085,2025-02-25,2025-03-27,172095,posted
AP-00086,VEN-026,PO-00086,2025-02-25,2025-03-27,192164,posted
AP-00087,VEN-027,PO-00087,2025-02-25,2025-03-27,213608,posted
AP-00088,VEN-028,PO-00088,2025-02-25,2025-03-27,231214,posted
AP-00089,VEN-029,PO-00089,2025-02-25,2025-03-27,254800,posted
AP-00090,VEN-030,PO-00090,2025-02-25,2025-03-27,273763,posted
AP-00091,VEN-031,PO-00091,2025-02-25,2025-03-27,91006,posted
AP-00092,VEN-032,PO-00092,2025-02-25,2025-03-27,113096,posted
AP-00093,VEN-033,PO-00093,2025-02-25,2025-03-27,133583,posted
AP-00094,VEN-034,PO-00094,2025-02-25,2025-03-27,152833,posted
AP-00095,VEN-035,PO-00095,2025-02-25,2025-03-27,172654,posted
AP-00096,VEN-036,PO-00096,2025-02-25,2025-03-27,194717,posted
AP-00097,VEN-037,PO-00097,2025-02-25,2025-03-27,214265,posted
AP-00098,VEN-038,PO-00098,2025-02-25,2025-03-27,232034,posted
AP-00099,VEN-039,PO-00099,2025-02-25,2025-03-27,253492,posted
AP-00100,VEN-040,PO-00100,2025-02-25,2025-03-27,270805,posted
AP-00101,VEN-041,PO-00101,2025-02-25,2025-03-27,90954,posted
AP-00102,VEN-042,PO-00102,2025-02-25,2025-03-27,111410,posted
AP-00103,VEN-043,PO-00103,2025-02-25,2025-03-27,130501,posted
AP-00104,VEN-044,PO-00104,2025-02-25,2025-03-27,154018,posted
AP-00105,VEN-045,PO-00105,2025-02-25,2025-03-27,172766,posted
AP-00106,VEN-046,PO-00106,2025-02-25,2025-03-27,191164,posted
AP-00107,VEN-047,PO-00107,2025-02-25,2025-03-27,213358,posted
AP-00108,VEN-048,PO-00108,2025-02-25,2025-03-27,230295,posted
AP-00109,VEN-049,PO-00109,2025-02-25,2025-03-27,252174,posted
AP-00110,VEN-050,PO-00110,2025-02-25,2025-03-27,272862,posted
AP-00111,VEN-051,PO-00111,2025-02-25,2025-03-27,90700,posted
AP-00112,VEN-052,PO-00112,2025-02-25,2025-03-27,113143,posted
AP-00113,VEN-053,PO-00113,2025-02-25,2025-03-27,133036,posted
AP-00114,VEN-054,PO-00114,2025-02-25,2025-03-27,154176,posted
AP-00115,VEN-055,PO-00115,2025-02-25,2025-03-27,170132,posted
AP-00116,VEN-056,PO-00116,2025-02-25,2025-03-27,192969,posted
AP-00117,VEN-057,PO-00117,2025-02-25,2025-03-27,214186,posted
AP-00118,VEN-058,PO-00118,2025-02-25,2025-03-27,234358,posted
AP-00119,VEN-059,PO-00119,2025-02-25,2025-03-27,252635,posted
AP-00120,VEN-060,PO-00120,2025-02-25,2025-03-27,272642,posted
AP-00121,VEN-001,PO-00121,2025-03-28,2025-04-27,91040,posted
AP-00122,VEN-002,PO-00122,2025-03-28,2025-04-27,111330,posted
AP-00123,VEN-003,PO-00123,2025-03-28,2025-04-27,132978,posted
AP-00124,VEN-004,PO-00124,2025-03-28,2025-04-27,153383,posted
AP-00125,VEN-005,PO-00125,2025-03-28,2025-04-27,173366,posted
AP-00126,VEN-006,PO-00126,2025-03-28,2025-04-27,190581,posted
AP-00127,VEN-007,PO-00127,2025-03-28,2025-04-27,212174,posted
AP-00128,VEN-008,PO-00128,2025-03-28,2025-04-27,234035,posted
AP-00129,VEN-009,PO-00129,2025-03-28,2025-04-27,250113,posted
AP-00130,VEN-010,PO-00130,2025-03-28,2025-04-27,273694,posted
AP-00131,VEN-011,PO-00131,2025-03-28,2025-04-27,93697,posted
AP-00132,VEN-012,PO-00132,2025-03-28,2025-04-27,111166,posted
AP-00133,VEN-013,PO-00133,2025-03-28,2025-04-27,132328,posted
AP-00134,VEN-014,PO-00134,2025-03-28,2025-04-27,153648,posted
AP-00135,VEN-015,PO-00135,2025-03-28,2025-04-27,173146,posted
AP-00136,VEN-016,PO-00136,2025-03-28,2025-04-27,192036,posted
AP-00137,VEN-017,PO-00137,2025-03-28,2025-04-27,210415,posted
AP-00138,VEN-018,PO-00138,2025-03-28,2025-04-27,231267,posted
AP-00139,VEN-019,PO-00139,2025-03-28,2025-04-27,251740,posted
AP-00140,VEN-020,PO-00140,2025-03-28,2025-04-27,272024,posted
AP-00141,VEN-021,PO-00141,2025-03-28,2025-04-27,92065,posted
AP-00142,VEN-022,PO-00142,2025-03-28,2025-04-27,113117,posted
AP-00143,VEN-023,PO-00143,2025-03-28,2025-04-27,131917,posted
AP-00144,VEN-024,PO-00144,2025-03-28,2025-04-27,150308,posted
AP-00145,VEN-025,PO-00145,2025-03-28,2025-04-27,174776,posted
AP-00146,VEN-026,PO-00146,2025-03-28,2025-04-27,192410,posted
AP-00147,VEN-027,PO-00147,2025-03-28,2025-04-27,210413,posted
AP-00148,VEN-028,PO-00148,2025-03-28,2025-04-27,233603,posted
AP-00149,VEN-029,PO-00149,2025-03-28,2025-04-27,254402,posted
AP-00150,VEN-030,PO-00150,2025-03-28,2025-04-27,270505,posted
AP-00151,VEN-031,PO-00151,2025-03-28,2025-04-27,93459,posted
AP-00152,VEN-032,PO-00152,2025-03-28,2025-04-27,112343,posted
AP-00153,VEN-033,PO-00153,2025-03-28,2025-04-27,133507,posted
AP-00154,VEN-034,PO-00154,2025-03-28,2025-04-27,152688,posted
AP-00155,VEN-035,PO-00155,2025-03-28,2025-04-27,170051,posted
AP-00156,VEN-036,PO-00156,2025-03-28,2025-04-27,194069,posted
AP-00157,VEN-037,PO-00157,2025-03-28,2025-04-27,210162,posted
AP-00158,VEN-038,PO-00158,2025-03-28,2025-04-27,234517,posted
AP-00159,VEN-039,PO-00159,2025-03-28,2025-04-27,254557,posted
AP-00160,VEN-040,PO-00160,2025-03-28,2025-04-27,270637,posted
AP-00161,VEN-041,PO-00161,2025-03-28,2025-04-27,91189,posted
AP-00162,VEN-042,PO-00162,2025-03-28,2025-04-27,111461,posted
AP-00163,VEN-043,PO-00163,2025-03-28,2025-04-27,133985,posted
AP-00164,VEN-044,PO-00164,2025-03-28,2025-04-27,151366,posted
AP-00165,VEN-045,PO-00165,2025-03-28,2025-04-27,170031,posted
AP-00166,VEN-046,PO-00166,2025-03-28,2025-04-27,194953,posted
AP-00167,VEN-047,PO-00167,2025-03-28,2025-04-27,214194,posted
AP-00168,VEN-048,PO-00168,2025-03-28,2025-04-27,232521,posted
AP-00169,VEN-049,PO-00169,2025-03-28,2025-04-27,254527,posted
AP-00170,VEN-050,PO-00170,2025-03-28,2025-04-27,274773,posted
AP-00171,VEN-051,PO-00171,2025-03-28,2025-04-27,93026,posted
AP-00172,VEN-052,PO-00172,2025-03-28,2025-04-27,112391,posted
AP-00173,VEN-053,PO-00173,2025-03-28,2025-04-27,133115,posted
AP-00174,VEN-054,PO-00174,2025-03-28,2025-04-27,150284,posted
AP-00175,VEN-055,PO-00175,2025-03-28,2025-04-27,173305,posted
AP-00176,VEN-056,PO-00176,2025-03-28,2025-04-27,194406,posted
AP-00177,VEN-057,PO-00177,2025-03-28,2025-04-27,212272,posted
AP-00178,VEN-058,PO-00178,2025-03-28,2025-04-27,232587,posted
AP-00179,VEN-059,PO-00179,2025-03-28,2025-04-27,253081,posted
AP-00180,VEN-060,PO-00180,2025-03-28,2025-04-27,273716,posted
AP-00181,VEN-001,PO-00181,2025-04-27,2025-05-27,93523,posted
AP-00182,VEN-002,PO-00182,2025-04-27,2025-05-27,111508,posted
AP-00183,VEN-003,PO-00183,2025-04-27,2025-05-27,133368,posted
AP-00184,VEN-004,PO-00184,2025-04-27,2025-05-27,150913,posted
AP-00185,VEN-005,PO-00185,2025-04-27,2025-05-27,173336,posted
AP-00186,VEN-006,PO-00186,2025-04-27,2025-05-27,192598,posted
AP-00187,VEN-007,PO-00187,2025-04-27,2025-05-27,210549,posted
AP-00188,VEN-008,PO-00188,2025-04-27,2025-05-27,232474,posted
AP-00189,VEN-009,PO-00189,2025-04-27,2025-05-27,251723,posted
AP-00190,VEN-010,PO-00190,2025-04-27,2025-05-27,270752,posted
AP-00191,VEN-011,PO-00191,2025-04-27,2025-05-27,90454,posted
AP-00192,VEN-012,PO-00192,2025-04-27,2025-05-27,111383,posted
AP-00193,VEN-013,PO-00193,2025-04-27,2025-05-27,131752,posted
AP-00194,VEN-014,PO-00194,2025-04-27,2025-05-27,153276,posted
AP-00195,VEN-015,PO-00195,2025-04-27,2025-05-27,171698,posted
AP-00196,VEN-016,PO-00196,2025-04-27,2025-05-27,192356,posted
AP-00197,VEN-017,PO-00197,2025-04-27,2025-05-27,211375,posted
AP-00198,VEN-018,PO-00198,2025-04-27,2025-05-27,234078,posted
AP-00199,VEN-019,PO-00199,2025-04-27,2025-05-27,250183,posted
AP-00200,VEN-020,PO-00200,2025-04-27,2025-05-27,270794,posted
AP-00201,VEN-021,PO-00201,2025-04-27,2025-05-27,91272,posted
AP-00202,VEN-022,PO-00202,2025-04-27,2025-05-27,111354,posted
AP-00203,VEN-023,PO-00203,2025-04-27,2025-05-27,132069,posted
AP-00204,VEN-024,PO-00204,2025-04-27,2025-05-27,154069,posted
AP-00205,VEN-025,PO-00205,2025-04-27,2025-05-27,171158,posted
AP-00206,VEN-026,PO-00206,2025-04-27,2025-05-27,193243,posted
AP-00207,VEN-027,PO-00207,2025-04-27,2025-05-27,210576,posted
AP-00208,VEN-028,PO-00208,2025-04-27,2025-05-27,234795,posted
AP-00209,VEN-029,PO-00209,2025-04-27,2025-05-27,250202,posted
AP-00210,VEN-030,PO-00210,2025-04-27,2025-05-27,272540,posted
AP-00211,VEN-031,PO-00211,2025-04-27,2025-05-27,90923,posted
AP-00212,VEN-032,PO-00212,2025-04-27,2025-05-27,110829,posted
AP-00213,VEN-033,PO-00213,2025-04-27,2025-05-27,130480,posted
AP-00214,VEN-034,PO-00214,2025-04-27,2025-05-27,154881,posted
AP-00215,VEN-035,PO-00215,2025-04-27,2025-05-27,170034,posted
AP-00216,VEN-036,PO-00216,2025-04-27,2025-05-27,190328,posted
AP-00217,VEN-037,PO-00217,2025-04-27,2025-05-27,211924,posted
AP-00218,VEN-038,PO-00218,2025-04-27,2025-05-27,232871,posted
AP-00219,VEN-039,PO-00219,2025-04-27,2025-05-27,250010,posted
AP-00220,VEN-040,PO-00220,2025-04-27,2025-05-27,271911,posted
AP-00221,VEN-041,PO-00221,2025-04-27,2025-05-27,90937,posted
AP-00222,VEN-042,PO-00222,2025-04-27,2025-05-27,112173,posted
AP-00223,VEN-043,PO-00223,2025-04-27,2025-05-27,133033,posted
AP-00224,VEN-044,PO-00224,2025-04-27,2025-05-27,154597,posted
AP-00225,VEN-045,PO-00225,2025-04-27,2025-05-27,172124,posted
AP-00226,VEN-046,PO-00226,2025-04-27,2025-05-27,194761,posted
AP-00227,VEN-047,PO-00227,2025-04-27,2025-05-27,211594,posted
AP-00228,VEN-048,PO-00228,2025-04-27,2025-05-27,233357,posted
AP-00229,VEN-049,PO-00229,2025-04-27,2025-05-27,252292,posted
AP-00230,VEN-050,PO-00230,2025-04-27,2025-05-27,271794,posted
AP-00231,VEN-051,PO-00231,2025-04-27,2025-05-27,94406,posted
AP-00232,VEN-052,PO-00232,2025-04-27,2025-05-27,113811,posted
AP-00233,VEN-053,PO-00233,2025-04-27,2025-05-27,131275,posted
AP-00234,VEN-054,PO-00234,2025-04-27,2025-05-27,154386,posted
AP-00235,VEN-055,PO-00235,2025-04-27,2025-05-27,172909,posted
AP-00236,VEN-056,PO-00236,2025-04-27,2025-05-27,194623,posted
AP-00237,VEN-057,PO-00237,2025-04-27,2025-05-27,211019,posted
AP-00238,VEN-058,PO-00238,2025-04-27,2025-05-27,231473,posted
AP-00239,VEN-059,PO-00239,2025-04-27,2025-05-27,250406,posted
AP-00240,VEN-060,PO-00240,2025-04-27,2025-05-27,274546,posted
AP-00241,VEN-001,PO-00241,2025-05-28,2025-06-27,91723,posted
AP-00242,VEN-002,PO-00242,2025-05-28,2025-06-27,112224,posted
AP-00243,VEN-003,PO-00243,2025-05-28,2025-06-27,133716,posted
AP-00244,VEN-004,PO-00244,2025-05-28,2025-06-27,152973,posted
AP-00245,VEN-005,PO-00245,2025-05-28,2025-06-27,173619,posted
AP-00246,VEN-006,PO-00246,2025-05-28,2025-06-27,190711,posted
AP-00247,VEN-007,PO-00247,2025-05-28,2025-06-27,211910,posted
AP-00248,VEN-008,PO-00248,2025-05-28,2025-06-27,234883,posted
AP-00249,VEN-009,PO-00249,2025-05-28,2025-06-27,253252,posted
AP-00250,VEN-010,PO-00250,2025-05-28,2025-06-27,274844,posted
AP-00251,VEN-011,PO-00251,2025-05-28,2025-06-27,91245,posted
AP-00252,VEN-012,PO-00252,2025-05-28,2025-06-27,111163,posted
AP-00253,VEN-013,PO-00253,2025-05-28,2025-06-27,134668,posted
AP-00254,VEN-014,PO-00254,2025-05-28,2025-06-27,152847,posted
AP-00255,VEN-015,PO-00255,2025-05-28,2025-06-27,173717,posted
AP-00256,VEN-016,PO-00256,2025-05-28,2025-06-27,193275,posted
AP-00257,VEN-017,PO-00257,2025-05-28,2025-06-27,214931,posted
AP-00258,VEN-018,PO-00258,2025-05-28,2025-06-27,230021,posted
AP-00259,VEN-019,PO-00259,2025-05-28,2025-06-27,254917,posted
AP-00260,VEN-020,PO-00260,2025-05-28,2025-06-27,270280,posted
AP-00261,VEN-021,PO-00261,2025-05-28,2025-06-27,94154,posted
AP-00262,VEN-022,PO-00262,2025-05-28,2025-06-27,113530,posted
AP-00263,VEN-023,PO-00263,2025-05-28,2025-06-27,131793,posted
AP-00264,VEN-024,PO-00264,2025-05-28,2025-06-27,150084,posted
AP-00265,VEN-025,PO-00265,2025-05-28,2025-06-27,171160,posted
AP-00266,VEN-026,PO-00266,2025-05-28,2025-06-27,194803,posted
AP-00267,VEN-027,PO-00267,2025-05-28,2025-06-27,211272,posted
AP-00268,VEN-028,PO-00268,2025-05-28,2025-06-27,231048,posted
AP-00269,VEN-029,PO-00269,2025-05-28,2025-06-27,253323,posted
AP-00270,VEN-030,PO-00270,2025-05-28,2025-06-27,272209,posted
AP-00271,VEN-031,PO-00271,2025-05-28,2025-06-27,94354,posted
AP-00272,VEN-032,PO-00272,2025-05-28,2025-06-27,110202,posted
AP-00273,VEN-033,PO-00273,2025-05-28,2025-06-27,130192,posted
AP-00274,VEN-034,PO-00274,2025-05-28,2025-06-27,153228,posted
AP-00275,VEN-035,PO-00275,2025-05-28,2025-06-27,170449,posted
AP-00276,VEN-036,PO-00276,2025-05-28,2025-06-27,190361,posted
AP-00277,VEN-037,PO-00277,2025-05-28,2025-06-27,213020,posted
AP-00278,VEN-038,PO-00278,2025-05-28,2025-06-27,234170,posted
AP-00279,VEN-039,PO-00279,2025-05-28,2025-06-27,253985,posted
AP-00280,VEN-040,PO-00280,2025-05-28,2025-06-27,273621,posted
AP-00281,VEN-041,PO-00281,2025-05-28,2025-06-27,92240,posted
AP-00282,VEN-042,PO-00282,2025-05-28,2025-06-27,112940,posted
AP-00283,VEN-043,PO-00283,2025-05-28,2025-06-27,131279,posted
AP-00284,VEN-044,PO-00284,2025-05-28,2025-06-27,150709,posted
AP-00285,VEN-045,PO-00285,2025-05-28,2025-06-27,173153,posted
AP-00286,VEN-046,PO-00286,2025-05-28,2025-06-27,192656,posted
AP-00287,VEN-047,PO-00287,2025-05-28,2025-06-27,213500,posted
AP-00288,VEN-048,PO-00288,2025-05-28,2025-06-27,232268,posted
AP-00289,VEN-049,PO-00289,2025-05-28,2025-06-27,252855,posted
AP-00290,VEN-050,PO-00290,2025-05-28,2025-06-27,273836,posted
AP-00291,VEN-051,PO-00291,2025-05-28,2025-06-27,94950,posted
AP-00292,VEN-052,PO-00292,2025-05-28,2025-06-27,110530,posted
AP-00293,VEN-053,PO-00293,2025-05-28,2025-06-27,133161,posted
AP-00294,VEN-054,PO-00294,2025-05-28,2025-06-27,154273,posted
AP-00295,VEN-055,PO-00295,2025-05-28,2025-06-27,171324,posted
AP-00296,VEN-056,PO-00296,2025-05-28,2025-06-27,192183,posted
AP-00297,VEN-057,PO-00297,2025-05-28,2025-06-27,212828,posted
AP-00298,VEN-058,PO-00298,2025-05-28,2025-06-27,232818,posted
AP-00299,VEN-059,PO-00299,2025-05-28,2025-06-27,252787,posted
AP-00300,VEN-060,PO-00300,2025-05-28,2025-06-27,272665,posted
AP-00301,VEN-001,PO-00301,2025-06-27,2025-07-27,90143,posted
AP-00302,VEN-002,PO-00302,2025-06-27,2025-07-27,114625,posted
AP-00303,VEN-003,PO-00303,2025-06-27,2025-07-27,131987,posted
AP-00304,VEN-004,PO-00304,2025-06-27,2025-07-27,150344,posted
AP-00305,VEN-005,PO-00305,2025-06-27,2025-07-27,173395,posted
AP-00306,VEN-006,PO-00306,2025-06-27,2025-07-27,194722,posted
AP-00307,VEN-007,PO-00307,2025-06-27,2025-07-27,213371,posted
AP-00308,VEN-008,PO-00308,2025-06-27,2025-07-27,232528,posted
AP-00309,VEN-009,PO-00309,2025-06-27,2025-07-27,253389,posted
AP-00310,VEN-010,PO-00310,2025-06-27,2025-07-27,272009,posted
AP-00311,VEN-011,PO-00311,2025-06-27,2025-07-27,91716,posted
AP-00312,VEN-012,PO-00312,2025-06-27,2025-07-27,110099,posted
AP-00313,VEN-013,PO-00313,2025-06-27,2025-07-27,131322,posted
AP-00314,VEN-014,PO-00314,2025-06-27,2025-07-27,150193,posted
AP-00315,VEN-015,PO-00315,2025-06-27,2025-07-27,171243,posted
AP-00316,VEN-016,PO-00316,2025-06-27,2025-07-27,193693,posted
AP-00317,VEN-017,PO-00317,2025-06-27,2025-07-27,211316,posted
AP-00318,VEN-018,PO-00318,2025-06-27,2025-07-27,234297,posted
AP-00319,VEN-019,PO-00319,2025-06-27,2025-07-27,252315,posted
AP-00320,VEN-020,PO-00320,2025-06-27,2025-07-27,273556,posted
AP-00321,VEN-021,PO-00321,2025-06-27,2025-07-27,90028,posted
AP-00322,VEN-022,PO-00322,2025-06-27,2025-07-27,110110,posted
AP-00323,VEN-023,PO-00323,2025-06-27,2025-07-27,130617,posted
AP-00324,VEN-024,PO-00324,2025-06-27,2025-07-27,153025,posted
AP-00325,VEN-025,PO-00325,2025-06-27,2025-07-27,173060,posted
AP-00326,VEN-026,PO-00326,2025-06-27,2025-07-27,193673,posted
AP-00327,VEN-027,PO-00327,2025-06-27,2025-07-27,212097,posted
AP-00328,VEN-028,PO-00328,2025-06-27,2025-07-27,233082,posted
AP-00329,VEN-029,PO-00329,2025-06-27,2025-07-27,251004,posted
AP-00330,VEN-030,PO-00330,2025-06-27,2025-07-27,270477,posted
AP-00331,VEN-031,PO-00331,2025-06-27,2025-07-27,93495,posted
AP-00332,VEN-032,PO-00332,2025-06-27,2025-07-27,114334,posted
AP-00333,VEN-033,PO-00333,2025-06-27,2025-07-27,132507,posted
AP-00334,VEN-034,PO-00334,2025-06-27,2025-07-27,154623,posted
AP-00335,VEN-035,PO-00335,2025-06-27,2025-07-27,174003,posted
AP-00336,VEN-036,PO-00336,2025-06-27,2025-07-27,192509,posted
AP-00337,VEN-037,PO-00337,2025-06-27,2025-07-27,212049,posted
AP-00338,VEN-038,PO-00338,2025-06-27,2025-07-27,230533,posted
AP-00339,VEN-039,PO-00339,2025-06-27,2025-07-27,252234,posted
AP-00340,VEN-040,PO-00340,2025-06-27,2025-07-27,273048,posted
AP-00341,VEN-041,PO-00341,2025-06-27,2025-07-27,93221,posted
AP-00342,VEN-042,PO-00342,2025-06-27,2025-07-27,114605,posted
AP-00343,VEN-043,PO-00343,2025-06-27,2025-07-27,134713,posted
AP-00344,VEN-044,PO-00344,2025-06-27,2025-07-27,152191,posted
AP-00345,VEN-045,PO-00345,2025-06-27,2025-07-27,171808,posted
AP-00346,VEN-046,PO-00346,2025-06-27,2025-07-27,191906,posted
AP-00347,VEN-047,PO-00347,2025-06-27,2025-07-27,211512,posted
AP-00348,VEN-048,PO-00348,2025-06-27,2025-07-27,232201,posted
AP-00349,VEN-049,PO-00349,2025-06-27,2025-07-27,253111,posted
AP-00350,VEN-050,PO-00350,2025-06-27,2025-07-27,273463,posted
AP-00351,VEN-051,PO-00351,2025-06-27,2025-07-27,92608,posted
AP-00352,VEN-052,PO-00352,2025-06-27,2025-07-27,113016,posted
AP-00353,VEN-053,PO-00353,2025-06-27,2025-07-27,130003,posted
AP-00354,VEN-054,PO-00354,2025-06-27,2025-07-27,150498,posted
AP-00355,VEN-055,PO-00355,2025-06-27,2025-07-27,172309,posted
AP-00356,VEN-056,PO-00356,2025-06-27,2025-07-27,190925,posted
AP-00357,VEN-057,PO-00357,2025-06-27,2025-07-27,214759,posted
AP-00358,VEN-058,PO-00358,2025-06-27,2025-07-27,231893,posted
AP-00359,VEN-059,PO-00359,2025-06-27,2025-07-27,250196,posted
AP-00360,VEN-060,PO-00360,2025-06-27,2025-07-27,271756,posted
AP-00361,VEN-001,PO-00361,2025-07-28,2025-08-27,93101,posted
AP-00362,VEN-002,PO-00362,2025-07-28,2025-08-27,110086,posted
AP-00363,VEN-003,PO-00363,2025-07-28,2025-08-27,131126,posted
AP-00364,VEN-004,PO-00364,2025-07-28,2025-08-27,154934,posted
AP-00365,VEN-005,PO-00365,2025-07-28,2025-08-27,173096,posted
AP-00366,VEN-006,PO-00366,2025-07-28,2025-08-27,194355,posted
AP-00367,VEN-007,PO-00367,2025-07-28,2025-08-27,214643,posted
AP-00368,VEN-008,PO-00368,2025-07-28,2025-08-27,233767,posted
AP-00369,VEN-009,PO-00369,2025-07-28,2025-08-27,250913,posted
AP-00370,VEN-010,PO-00370,2025-07-28,2025-08-27,272920,posted
AP-00371,VEN-011,PO-00371,2025-07-28,2025-08-27,93593,posted
AP-00372,VEN-012,PO-00372,2025-07-28,2025-08-27,114320,posted
AP-00373,VEN-013,PO-00373,2025-07-28,2025-08-27,134876,posted
AP-00374,VEN-014,PO-00374,2025-07-28,2025-08-27,151740,posted
AP-00375,VEN-015,PO-00375,2025-07-28,2025-08-27,171678,posted
AP-00376,VEN-016,PO-00376,2025-07-28,2025-08-27,193823,posted
AP-00377,VEN-017,PO-00377,2025-07-28,2025-08-27,213982,posted
AP-00378,VEN-018,PO-00378,2025-07-28,2025-08-27,234319,posted
AP-00379,VEN-019,PO-00379,2025-07-28,2025-08-27,251969,posted
AP-00380,VEN-020,PO-00380,2025-07-28,2025-08-27,272605,posted
AP-00381,VEN-021,PO-00381,2025-07-28,2025-08-27,91809,posted
AP-00382,VEN-022,PO-00382,2025-07-28,2025-08-27,114668,posted
AP-00383,VEN-023,PO-00383,2025-07-28,2025-08-27,132985,posted
AP-00384,VEN-024,PO-00384,2025-07-28,2025-08-27,152909,posted
AP-00385,VEN-025,PO-00385,2025-07-28,2025-08-27,173232,posted
AP-00386,VEN-026,PO-00386,2025-07-28,2025-08-27,193991,posted
AP-00387,VEN-027,PO-00387,2025-07-28,2025-08-27,211615,posted
AP-00388,VEN-028,PO-00388,2025-07-28,2025-08-27,234638,posted
AP-00389,VEN-029,PO-00389,2025-07-28,2025-08-27,253942,posted
AP-00390,VEN-030,PO-00390,2025-07-28,2025-08-27,270639,posted
AP-00391,VEN-031,PO-00391,2025-07-28,2025-08-27,90972,posted
AP-00392,VEN-032,PO-00392,2025-07-28,2025-08-27,112997,posted
AP-00393,VEN-033,PO-00393,2025-07-28,2025-08-27,132639,posted
AP-00394,VEN-034,PO-00394,2025-07-28,2025-08-27,154991,posted
AP-00395,VEN-035,PO-00395,2025-07-28,2025-08-27,171099,posted
AP-00396,VEN-036,PO-00396,2025-07-28,2025-08-27,193551,posted
AP-00397,VEN-037,PO-00397,2025-07-28,2025-08-27,211243,posted
AP-00398,VEN-038,PO-00398,2025-07-28,2025-08-27,230651,posted
AP-00399,VEN-039,PO-00399,2025-07-28,2025-08-27,250856,posted
AP-00400,VEN-040,PO-00400,2025-07-28,2025-08-27,272554,posted
AP-00401,VEN-041,PO-00401,2025-07-28,2025-08-27,90215,posted
AP-00402,VEN-042,PO-00402,2025-07-28,2025-08-27,111656,posted
AP-00403,VEN-043,PO-00403,2025-07-28,2025-08-27,134989,posted
AP-00404,VEN-044,PO-00404,2025-07-28,2025-08-27,152473,posted
AP-00405,VEN-045,PO-00405,2025-07-28,2025-08-27,171475,posted
AP-00406,VEN-046,PO-00406,2025-07-28,2025-08-27,193698,posted
AP-00407,VEN-047,PO-00407,2025-07-28,2025-08-27,210685,posted
AP-00408,VEN-048,PO-00408,2025-07-28,2025-08-27,231760,posted
AP-00409,VEN-049,PO-00409,2025-07-28,2025-08-27,254244,posted
AP-00410,VEN-050,PO-00410,2025-07-28,2025-08-27,272374,posted
AP-00411,VEN-051,PO-00411,2025-07-28,2025-08-27,91470,posted
AP-00412,VEN-052,PO-00412,2025-07-28,2025-08-27,110772,posted
AP-00413,VEN-053,PO-00413,2025-07-28,2025-08-27,131735,posted
AP-00414,VEN-054,PO-00414,2025-07-28,2025-08-27,154347,posted
AP-00415,VEN-055,PO-00415,2025-07-28,2025-08-27,171371,posted
AP-00416,VEN-056,PO-00416,2025-07-28,2025-08-27,193047,posted
AP-00417,VEN-057,PO-00417,2025-07-28,2025-08-27,213559,posted
AP-00418,VEN-058,PO-00418,2025-07-28,2025-08-27,230335,posted
AP-00419,VEN-059,PO-00419,2025-07-28,2025-08-27,253013,posted
AP-00420,VEN-060,PO-00420,2025-07-28,2025-08-27,270242,posted
AP-00421,VEN-001,PO-00421,2025-08-28,2025-09-27,90751,posted
AP-00422,VEN-002,PO-00422,2025-08-28,2025-09-27,111414,posted
AP-00423,VEN-003,PO-00423,2025-08-28,2025-09-27,130709,posted
AP-00424,VEN-004,PO-00424,2025-08-28,2025-09-27,152762,posted
AP-00425,VEN-005,PO-00425,2025-08-28,2025-09-27,173240,posted
AP-00426,VEN-006,PO-00426,2025-08-28,2025-09-27,193861,posted
AP-00427,VEN-007,PO-00427,2025-08-28,2025-09-27,212808,posted
AP-00428,VEN-008,PO-00428,2025-08-28,2025-09-27,232897,posted
AP-00429,VEN-009,PO-00429,2025-08-28,2025-09-27,251447,posted
AP-00430,VEN-010,PO-00430,2025-08-28,2025-09-27,273366,posted
AP-00431,VEN-011,PO-00431,2025-08-28,2025-09-27,92909,posted
AP-00432,VEN-012,PO-00432,2025-08-28,2025-09-27,113747,posted
AP-00433,VEN-013,PO-00433,2025-08-28,2025-09-27,131980,posted
AP-00434,VEN-014,PO-00434,2025-08-28,2025-09-27,150725,posted
AP-00435,VEN-015,PO-00435,2025-08-28,2025-09-27,170685,posted
AP-00436,VEN-016,PO-00436,2025-08-28,2025-09-27,192349,posted
AP-00437,VEN-017,PO-00437,2025-08-28,2025-09-27,213593,posted
AP-00438,VEN-018,PO-00438,2025-08-28,2025-09-27,233301,posted
AP-00439,VEN-019,PO-00439,2025-08-28,2025-09-27,254784,posted
AP-00440,VEN-020,PO-00440,2025-08-28,2025-09-27,274957,posted
AP-00441,VEN-021,PO-00441,2025-08-28,2025-09-27,93377,posted
AP-00442,VEN-022,PO-00442,2025-08-28,2025-09-27,110666,posted
AP-00443,VEN-023,PO-00443,2025-08-28,2025-09-27,130988,posted
AP-00444,VEN-024,PO-00444,2025-08-28,2025-09-27,154701,posted
AP-00445,VEN-025,PO-00445,2025-08-28,2025-09-27,174589,posted
AP-00446,VEN-026,PO-00446,2025-08-28,2025-09-27,194211,posted
AP-00447,VEN-027,PO-00447,2025-08-28,2025-09-27,214286,posted
AP-00448,VEN-028,PO-00448,2025-08-28,2025-09-27,232314,posted
AP-00449,VEN-029,PO-00449,2025-08-28,2025-09-27,252772,posted
AP-00450,VEN-030,PO-00450,2025-08-28,2025-09-27,271878,posted
AP-00451,VEN-031,PO-00451,2025-08-28,2025-09-27,92222,posted
AP-00452,VEN-032,PO-00452,2025-08-28,2025-09-27,112137,posted
AP-00453,VEN-033,PO-00453,2025-08-28,2025-09-27,131655,posted
AP-00454,VEN-034,PO-00454,2025-08-28,2025-09-27,150355,posted
AP-00455,VEN-035,PO-00455,2025-08-28,2025-09-27,171899,posted
AP-00456,VEN-036,PO-00456,2025-08-28,2025-09-27,192425,posted
AP-00457,VEN-037,PO-00457,2025-08-28,2025-09-27,211531,posted
AP-00458,VEN-038,PO-00458,2025-08-28,2025-09-27,232306,posted
AP-00459,VEN-039,PO-00459,2025-08-28,2025-09-27,253115,posted
AP-00460,VEN-040,PO-00460,2025-08-28,2025-09-27,273522,posted
AP-00461,VEN-041,PO-00461,2025-08-28,2025-09-27,92020,posted
AP-00462,VEN-042,PO-00462,2025-08-28,2025-09-27,110065,posted
AP-00463,VEN-043,PO-00463,2025-08-28,2025-09-27,131808,posted
AP-00464,VEN-044,PO-00464,2025-08-28,2025-09-27,152099,posted
AP-00465,VEN-045,PO-00465,2025-08-28,2025-09-27,171013,posted
AP-00466,VEN-046,PO-00466,2025-08-28,2025-09-27,190458,posted
AP-00467,VEN-047,PO-00467,2025-08-28,2025-09-27,210114,posted
AP-00468,VEN-048,PO-00468,2025-08-28,2025-09-27,230547,posted
AP-00469,VEN-049,PO-00469,2025-08-28,2025-09-27,251328,posted
AP-00470,VEN-050,PO-00470,2025-08-28,2025-09-27,270090,posted
AP-00471,VEN-051,PO-00471,2025-08-28,2025-09-27,93588,posted
AP-00472,VEN-052,PO-00472,2025-08-28,2025-09-27,111275,posted
AP-00473,VEN-053,PO-00473,2025-08-28,2025-09-27,130268,posted
AP-00474,VEN-054,PO-00474,2025-08-28,2025-09-27,150188,posted
AP-00475,VEN-055,PO-00475,2025-08-28,2025-09-27,174498,posted
AP-00476,VEN-056,PO-00476,2025-08-28,2025-09-27,192048,posted
AP-00477,VEN-057,PO-00477,2025-08-28,2025-09-27,214614,posted
AP-00478,VEN-058,PO-00478,2025-08-28,2025-09-27,231069,posted
AP-00479,VEN-059,PO-00479,2025-08-28,2025-09-27,252844,posted
AP-00480,VEN-060,PO-00480,2025-08-28,2025-09-27,272400,posted
AP-00481,VEN-001,PO-00481,2025-09-27,2025-10-27,91002,posted
AP-00482,VEN-002,PO-00482,2025-09-27,2025-10-27,113538,posted
AP-00483,VEN-003,PO-00483,2025-09-27,2025-10-27,134787,posted
AP-00484,VEN-004,PO-00484,2025-09-27,2025-10-27,154301,posted
AP-00485,VEN-005,PO-00485,2025-09-27,2025-10-27,171834,posted
AP-00486,VEN-006,PO-00486,2025-09-27,2025-10-27,192440,posted
AP-00487,VEN-007,PO-00487,2025-09-27,2025-10-27,214950,posted
AP-00488,VEN-008,PO-00488,2025-09-27,2025-10-27,231928,posted
AP-00489,VEN-009,PO-00489,2025-09-27,2025-10-27,254362,posted
AP-00490,VEN-010,PO-00490,2025-09-27,2025-10-27,271193,posted
AP-00491,VEN-011,PO-00491,2025-09-27,2025-10-27,94159,posted
AP-00492,VEN-012,PO-00492,2025-09-27,2025-10-27,111029,posted
AP-00493,VEN-013,PO-00493,2025-09-27,2025-10-27,130210,posted
AP-00494,VEN-014,PO-00494,2025-09-27,2025-10-27,152809,posted
AP-00495,VEN-015,PO-00495,2025-09-27,2025-10-27,173173,posted
AP-00496,VEN-016,PO-00496,2025-09-27,2025-10-27,191064,posted
AP-00497,VEN-017,PO-00497,2025-09-27,2025-10-27,210990,posted
AP-00498,VEN-018,PO-00498,2025-09-27,2025-10-27,230127,posted
AP-00499,VEN-019,PO-00499,2025-09-27,2025-10-27,251032,posted
AP-00500,VEN-020,PO-00500,2025-09-27,2025-10-27,271057,posted
AP-00501,VEN-021,PO-00501,2025-09-27,2025-10-27,92424,posted
AP-00502,VEN-022,PO-00502,2025-09-27,2025-10-27,111108,posted
AP-00503,VEN-023,PO-00503,2025-09-27,2025-10-27,132172,posted
AP-00504,VEN-024,PO-00504,2025-09-27,2025-10-27,150494,posted
AP-00505,VEN-025,PO-00505,2025-09-27,2025-10-27,172476,posted
AP-00506,VEN-026,PO-00506,2025-09-27,2025-10-27,193658,posted
AP-00507,VEN-027,PO-00507,2025-09-27,2025-10-27,211617,posted
AP-00508,VEN-028,PO-00508,2025-09-27,2025-10-27,233378,posted
AP-00509,VEN-029,PO-00509,2025-09-27,2025-10-27,251597,posted
AP-00510,VEN-030,PO-00510,2025-09-27,2025-10-27,274044,posted
AP-00511,VEN-031,PO-00511,2025-09-27,2025-10-27,93736,posted
AP-00512,VEN-032,PO-00512,2025-09-27,2025-10-27,113839,posted
AP-00513,VEN-033,PO-00513,2025-09-27,2025-10-27,130746,posted
AP-00514,VEN-034,PO-00514,2025-09-27,2025-10-27,152670,posted
AP-00515,VEN-035,PO-00515,2025-09-27,2025-10-27,173654,posted
AP-00516,VEN-036,PO-00516,2025-09-27,2025-10-27,191761,posted
AP-00517,VEN-037,PO-00517,2025-09-27,2025-10-27,210699,posted
AP-00518,VEN-038,PO-00518,2025-09-27,2025-10-27,234920,posted
AP-00519,VEN-039,PO-00519,2025-09-27,2025-10-27,253875,posted
AP-00520,VEN-040,PO-00520,2025-09-27,2025-10-27,272869,posted
AP-00521,VEN-041,PO-00521,2025-09-27,2025-10-27,90504,posted
AP-00522,VEN-042,PO-00522,2025-09-27,2025-10-27,112107,posted
AP-00523,VEN-043,PO-00523,2025-09-27,2025-10-27,132413,posted
AP-00524,VEN-044,PO-00524,2025-09-27,2025-10-27,150966,posted
AP-00525,VEN-045,PO-00525,2025-09-27,2025-10-27,172319,posted
AP-00526,VEN-046,PO-00526,2025-09-27,2025-10-27,190638,posted
AP-00527,VEN-047,PO-00527,2025-09-27,2025-10-27,211995,posted
AP-00528,VEN-048,PO-00528,2025-09-27,2025-10-27,230744,posted
AP-00529,VEN-049,PO-00529,2025-09-27,2025-10-27,252859,posted
AP-00530,VEN-050,PO-00530,2025-09-27,2025-10-27,272851,posted
AP-00531,VEN-051,PO-00531,2025-09-27,2025-10-27,91316,posted
AP-00532,VEN-052,PO-00532,2025-09-27,2025-10-27,114959,posted
AP-00533,VEN-053,PO-00533,2025-09-27,2025-10-27,131055,posted
AP-00534,VEN-054,PO-00534,2025-09-27,2025-10-27,151876,posted
AP-00535,VEN-055,PO-00535,2025-09-27,2025-10-27,172757,posted
AP-00536,VEN-056,PO-00536,2025-09-27,2025-10-27,191458,posted
AP-00537,VEN-057,PO-00537,2025-09-27,2025-10-27,210605,posted
AP-00538,VEN-058,PO-00538,2025-09-27,2025-10-27,233673,posted
AP-00539,VEN-059,PO-00539,2025-09-27,2025-10-27,254457,posted
AP-00540,VEN-060,PO-00540,2025-09-27,2025-10-27,274211,posted
AP-00541,VEN-001,PO-00541,2025-10-28,2025-11-27,92077,posted
AP-00542,VEN-002,PO-00542,2025-10-28,2025-11-27,112172,posted
AP-00543,VEN-003,PO-00543,2025-10-28,2025-11-27,133437,posted
AP-00544,VEN-004,PO-00544,2025-10-28,2025-11-27,152144,posted
AP-00545,VEN-005,PO-00545,2025-10-28,2025-11-27,174916,posted
AP-00546,VEN-006,PO-00546,2025-10-28,2025-11-27,194604,posted
AP-00547,VEN-007,PO-00547,2025-10-28,2025-11-27,214634,posted
AP-00548,VEN-008,PO-00548,2025-10-28,2025-11-27,231077,posted
AP-00549,VEN-009,PO-00549,2025-10-28,2025-11-27,253507,posted
AP-00550,VEN-010,PO-00550,2025-10-28,2025-11-27,273097,posted
AP-00551,VEN-011,PO-00551,2025-10-28,2025-11-27,93829,posted
AP-00552,VEN-012,PO-00552,2025-10-28,2025-11-27,110934,posted
AP-00553,VEN-013,PO-00553,2025-10-28,2025-11-27,132709,posted
AP-00554,VEN-014,PO-00554,2025-10-28,2025-11-27,151902,posted
AP-00555,VEN-015,PO-00555,2025-10-28,2025-11-27,172690,posted
AP-00556,VEN-016,PO-00556,2025-10-28,2025-11-27,194411,posted
AP-00557,VEN-017,PO-00557,2025-10-28,2025-11-27,210622,posted
AP-00558,VEN-018,PO-00558,2025-10-28,2025-11-27,230672,posted
AP-00559,VEN-019,PO-00559,2025-10-28,2025-11-27,251109,posted
AP-00560,VEN-020,PO-00560,2025-10-28,2025-11-27,274611,posted
AP-00561,VEN-021,PO-00561,2025-10-28,2025-11-27,91978,posted
AP-00562,VEN-022,PO-00562,2025-10-28,2025-11-27,113927,posted
AP-00563,VEN-023,PO-00563,2025-10-28,2025-11-27,134392,posted
AP-00564,VEN-024,PO-00564,2025-10-28,2025-11-27,150362,posted
AP-00565,VEN-025,PO-00565,2025-10-28,2025-11-27,174802,posted
AP-00566,VEN-026,PO-00566,2025-10-28,2025-11-27,191045,posted
AP-00567,VEN-027,PO-00567,2025-10-28,2025-11-27,213056,posted
AP-00568,VEN-028,PO-00568,2025-10-28,2025-11-27,231962,posted
AP-00569,VEN-029,PO-00569,2025-10-28,2025-11-27,251896,posted
AP-00570,VEN-030,PO-00570,2025-10-28,2025-11-27,270348,posted
AP-00571,VEN-031,PO-00571,2025-10-28,2025-11-27,93448,posted
AP-00572,VEN-032,PO-00572,2025-10-28,2025-11-27,111157,posted
AP-00573,VEN-033,PO-00573,2025-10-28,2025-11-27,132476,posted
AP-00574,VEN-034,PO-00574,2025-10-28,2025-11-27,152710,posted
AP-00575,VEN-035,PO-00575,2025-10-28,2025-11-27,174249,posted
AP-00576,VEN-036,PO-00576,2025-10-28,2025-11-27,192548,posted
AP-00577,VEN-037,PO-00577,2025-10-28,2025-11-27,211095,posted
AP-00578,VEN-038,PO-00578,2025-10-28,2025-11-27,234680,posted
AP-00579,VEN-039,PO-00579,2025-10-28,2025-11-27,253150,posted
AP-00580,VEN-040,PO-00580,2025-10-28,2025-11-27,274499,posted
AP-00581,VEN-041,PO-00581,2025-10-28,2025-11-27,94661,posted
AP-00582,VEN-042,PO-00582,2025-10-28,2025-11-27,111207,posted
AP-00583,VEN-043,PO-00583,2025-10-28,2025-11-27,130372,posted
AP-00584,VEN-044,PO-00584,2025-10-28,2025-11-27,150829,posted
AP-00585,VEN-045,PO-00585,2025-10-28,2025-11-27,171214,posted
AP-00586,VEN-046,PO-00586,2025-10-28,2025-11-27,194147,posted
AP-00587,VEN-047,PO-00587,2025-10-28,2025-11-27,214182,posted
AP-00588,VEN-048,PO-00588,2025-10-28,2025-11-27,234297,posted
AP-00589,VEN-049,PO-00589,2025-10-28,2025-11-27,253472,posted
AP-00590,VEN-050,PO-00590,2025-10-28,2025-11-27,270420,posted
AP-00591,VEN-051,PO-00591,2025-10-28,2025-11-27,91552,posted
AP-00592,VEN-052,PO-00592,2025-10-28,2025-11-27,114346,posted
AP-00593,VEN-053,PO-00593,2025-10-28,2025-11-27,130145,posted
AP-00594,VEN-054,PO-00594,2025-10-28,2025-11-27,153927,posted
AP-00595,VEN-055,PO-00595,2025-10-28,2025-11-27,174365,posted
AP-00596,VEN-056,PO-00596,2025-10-28,2025-11-27,191961,posted
AP-00597,VEN-057,PO-00597,2025-10-28,2025-11-27,212477,posted
AP-00598,VEN-058,PO-00598,2025-10-28,2025-11-27,231363,posted
AP-00599,VEN-059,PO-00599,2025-10-28,2025-11-27,253996,posted
AP-00600,VEN-060,PO-00600,2025-10-28,2025-11-27,272317,posted
AP-00601,VEN-001,PO-00601,2025-11-27,2025-12-27,94327,posted
AP-00602,VEN-002,PO-00602,2025-11-27,2025-12-27,110456,posted
AP-00603,VEN-003,PO-00603,2025-11-27,2025-12-27,133207,posted
AP-00604,VEN-004,PO-00604,2025-11-27,2025-12-27,154009,posted
AP-00605,VEN-005,PO-00605,2025-11-27,2025-12-27,170479,posted
AP-00606,VEN-006,PO-00606,2025-11-27,2025-12-27,192035,posted
AP-00607,VEN-007,PO-00607,2025-11-27,2025-12-27,211991,posted
AP-00608,VEN-008,PO-00608,2025-11-27,2025-12-27,230258,posted
AP-00609,VEN-009,PO-00609,2025-11-27,2025-12-27,253363,posted
AP-00610,VEN-010,PO-00610,2025-11-27,2025-12-27,273429,posted
AP-00611,VEN-011,PO-00611,2025-11-27,2025-12-27,93352,posted
AP-00612,VEN-012,PO-00612,2025-11-27,2025-12-27,111160,posted
AP-00613,VEN-013,PO-00613,2025-11-27,2025-12-27,130075,posted
AP-00614,VEN-014,PO-00614,2025-11-27,2025-12-27,150415,posted
AP-00615,VEN-015,PO-00615,2025-11-27,2025-12-27,174720,posted
AP-00616,VEN-016,PO-00616,2025-11-27,2025-12-27,193101,posted
AP-00617,VEN-017,PO-00617,2025-11-27,2025-12-27,211179,posted
AP-00618,VEN-018,PO-00618,2025-11-27,2025-12-27,230179,posted
AP-00619,VEN-019,PO-00619,2025-11-27,2025-12-27,250375,posted
AP-00620,VEN-020,PO-00620,2025-11-27,2025-12-27,272325,posted
AP-00621,VEN-021,PO-00621,2025-11-27,2025-12-27,93011,posted
AP-00622,VEN-022,PO-00622,2025-11-27,2025-12-27,113544,posted
AP-00623,VEN-023,PO-00623,2025-11-27,2025-12-27,130058,posted
AP-00624,VEN-024,PO-00624,2025-11-27,2025-12-27,152459,posted
AP-00625,VEN-025,PO-00625,2025-11-27,2025-12-27,171265,posted
AP-00626,VEN-026,PO-00626,2025-11-27,2025-12-27,194607,posted
AP-00627,VEN-027,PO-00627,2025-11-27,2025-12-27,214176,posted
AP-00628,VEN-028,PO-00628,2025-11-27,2025-12-27,230289,posted
AP-00629,VEN-029,PO-00629,2025-11-27,2025-12-27,250818,posted
AP-00630,VEN-030,PO-00630,2025-11-27,2025-12-27,271523,posted
AP-00631,VEN-031,PO-00631,2025-11-27,2025-12-27,92610,posted
AP-00632,VEN-032,PO-00632,2025-11-27,2025-12-27,114066,posted
AP-00633,VEN-033,PO-00633,2025-11-27,2025-12-27,130376,posted
AP-00634,VEN-034,PO-00634,2025-11-27,2025-12-27,153724,posted
AP-00635,VEN-035,PO-00635,2025-11-27,2025-12-27,171121,posted
AP-00636,VEN-036,PO-00636,2025-11-27,2025-12-27,194458,posted
AP-00637,VEN-037,PO-00637,2025-11-27,2025-12-27,211925,posted
AP-00638,VEN-038,PO-00638,2025-11-27,2025-12-27,233607,posted
AP-00639,VEN-039,PO-00639,2025-11-27,2025-12-27,252769,posted
AP-00640,VEN-040,PO-00640,2025-11-27,2025-12-27,270028,posted
AP-00641,VEN-041,PO-00641,2025-11-27,2025-12-27,93488,posted
AP-00642,VEN-042,PO-00642,2025-11-27,2025-12-27,114564,posted
AP-00643,VEN-043,PO-00643,2025-11-27,2025-12-27,131905,posted
AP-00644,VEN-044,PO-00644,2025-11-27,2025-12-27,152328,posted
AP-00645,VEN-045,PO-00645,2025-11-27,2025-12-27,174066,posted
AP-00646,VEN-046,PO-00646,2025-11-27,2025-12-27,193933,posted
AP-00647,VEN-047,PO-00647,2025-11-27,2025-12-27,210960,posted
AP-00648,VEN-048,PO-00648,2025-11-27,2025-12-27,234018,posted
AP-00649,VEN-049,PO-00649,2025-11-27,2025-12-27,254852,posted
AP-00650,VEN-050,PO-00650,2025-11-27,2025-12-27,272643,posted
AP-00651,VEN-051,PO-00651,2025-11-27,2025-12-27,93500,posted
AP-00652,VEN-052,PO-00652,2025-11-27,2025-12-27,111310,posted
AP-00653,VEN-053,PO-00653,2025-11-27,2025-12-27,134169,posted
AP-00654,VEN-054,PO-00654,2025-11-27,2025-12-27,151748,posted
AP-00655,VEN-055,PO-00655,2025-11-27,2025-12-27,172571,posted
AP-00656,VEN-056,PO-00656,2025-11-27,2025-12-27,191821,posted
AP-00657,VEN-057,PO-00657,2025-11-27,2025-12-27,212644,posted
AP-00658,VEN-058,PO-00658,2025-11-27,2025-12-27,230866,posted
AP-00659,VEN-059,PO-00659,2025-11-27,2025-12-27,250643,posted
AP-00660,VEN-060,PO-00660,2025-11-27,2025-12-27,273950,posted
AP-00661,VEN-001,PO-00661,2025-12-28,2026-01-27,90406,posted
AP-00662,VEN-002,PO-00662,2025-12-28,2026-01-27,112740,posted
AP-00663,VEN-003,PO-00663,2025-12-28,2026-01-27,133764,posted
AP-00664,VEN-004,PO-00664,2025-12-28,2026-01-27,151551,posted
AP-00665,VEN-005,PO-00665,2025-12-28,2026-01-27,170250,posted
AP-00666,VEN-006,PO-00666,2025-12-28,2026-01-27,191065,posted
AP-00667,VEN-007,PO-00667,2025-12-28,2026-01-27,214795,posted
AP-00668,VEN-008,PO-00668,2025-12-28,2026-01-27,230253,posted
AP-00669,VEN-009,PO-00669,2025-12-28,2026-01-27,253247,posted
AP-00670,VEN-010,PO-00670,2025-12-28,2026-01-27,274279,posted
AP-00671,VEN-011,PO-00671,2025-12-28,2026-01-27,91839,posted
AP-00672,VEN-012,PO-00672,2025-12-28,2026-01-27,112149,posted
AP-00673,VEN-013,PO-00673,2025-12-28,2026-01-27,130048,posted
AP-00674,VEN-014,PO-00674,2025-12-28,2026-01-27,151745,posted
AP-00675,VEN-015,PO-00675,2025-12-28,2026-01-27,174025,posted
AP-00676,VEN-016,PO-00676,2025-12-28,2026-01-27,190463,posted
AP-00677,VEN-017,PO-00677,2025-12-28,2026-01-27,211977,posted
AP-00678,VEN-018,PO-00678,2025-12-28,2026-01-27,234106,posted
AP-00679,VEN-019,PO-00679,2025-12-28,2026-01-27,252587,posted
AP-00680,VEN-020,PO-00680,2025-12-28,2026-01-27,271071,posted
AP-00681,VEN-021,PO-00681,2025-12-28,2026-01-27,91368,posted
AP-00682,VEN-022,PO-00682,2025-12-28,2026-01-27,110153,posted
AP-00683,VEN-023,PO-00683,2025-12-28,2026-01-27,130913,posted
AP-00684,VEN-024,PO-00684,2025-12-28,2026-01-27,152736,posted
AP-00685,VEN-025,PO-00685,2025-12-28,2026-01-27,171382,posted
AP-00686,VEN-026,PO-00686,2025-12-28,2026-01-27,191576,posted
AP-00687,VEN-027,PO-00687,2025-12-28,2026-01-27,211782,posted
AP-00688,VEN-028,PO-00688,2025-12-28,2026-01-27,230908,posted
AP-00689,VEN-029,PO-00689,2025-12-28,2026-01-27,250336,posted
AP-00690,VEN-030,PO-00690,2025-12-28,2026-01-27,273163,posted
AP-00691,VEN-031,PO-00691,2025-12-28,2026-01-27,90143,posted
AP-00692,VEN-032,PO-00692,2025-12-28,2026-01-27,110677,posted
AP-00693,VEN-033,PO-00693,2025-12-28,2026-01-27,130309,posted
AP-00694,VEN-034,PO-00694,2025-12-28,2026-01-27,152135,posted
AP-00695,VEN-035,PO-00695,2025-12-28,2026-01-27,170219,posted
AP-00696,VEN-036,PO-00696,2025-12-28,2026-01-27,193879,posted
AP-00697,VEN-037,PO-00697,2025-12-28,2026-01-27,210693,posted
AP-00698,VEN-038,PO-00698,2025-12-28,2026-01-27,234016,posted
AP-00699,VEN-039,PO-00699,2025-12-28,2026-01-27,251891,posted
AP-00700,VEN-040,PO-00700,2025-12-28,2026-01-27,272432,posted
AP-00701,VEN-041,PO-00701,2025-12-28,2026-01-27,94837,posted
AP-00702,VEN-042,PO-00702,2025-12-28,2026-01-27,112560,posted
AP-00703,VEN-043,PO-00703,2025-12-28,2026-01-27,133552,posted
AP-00704,VEN-044,PO-00704,2025-12-28,2026-01-27,150471,posted
AP-00705,VEN-045,PO-00705,2025-12-28,2026-01-27,172964,posted
AP-00706,VEN-046,PO-00706,2025-12-28,2026-01-27,190782,posted
AP-00707,VEN-047,PO-00707,2025-12-28,2026-01-27,212431,posted
AP-00708,VEN-048,PO-00708,2025-12-28,2026-01-27,234640,posted
AP-00709,VEN-049,PO-00709,2025-12-28,2026-01-27,252087,posted
AP-00710,VEN-050,PO-00710,2025-12-28,2026-01-27,271084,posted
AP-00711,VEN-051,PO-00711,2025-12-28,2026-01-27,91601,posted
AP-00712,VEN-052,PO-00712,2025-12-28,2026-01-27,114422,posted
AP-00713,VEN-053,PO-00713,2025-12-28,2026-01-27,132274,posted
AP-00714,VEN-054,PO-00714,2025-12-28,2026-01-27,152171,posted
AP-00715,VEN-055,PO-00715,2025-12-28,2026-01-27,170991,posted
AP-00716,VEN-056,PO-00716,2025-12-28,2026-01-27,193266,posted
AP-00717,VEN-057,PO-00717,2025-12-28,2026-01-27,212762,posted
AP-00718,VEN-058,PO-00718,2025-12-28,2026-01-27,232412,posted
AP-00719,VEN-059,PO-00719,2025-12-28,2026-01-27,253770,posted
AP-00720,VEN-060,PO-00720,2025-12-28,2026-01-27,274584,posted
AP-00721,VEN-001,PO-00721,2026-01-28,2026-02-27,90832,posted
AP-00722,VEN-002,PO-00722,2026-01-28,2026-02-27,112890,posted
AP-00723,VEN-003,PO-00723,2026-01-28,2026-02-27,134446,posted
AP-00724,VEN-004,PO-00724,2026-01-28,2026-02-27,150390,posted
AP-00725,VEN-005,PO-00725,2026-01-28,2026-02-27,174441,posted
AP-00726,VEN-006,PO-00726,2026-01-28,2026-02-27,194653,posted
AP-00727,VEN-007,PO-00727,2026-01-28,2026-02-27,214361,posted
AP-00728,VEN-008,PO-00728,2026-01-28,2026-02-27,233214,posted
AP-00729,VEN-009,PO-00729,2026-01-28,2026-02-27,251985,posted
AP-00730,VEN-010,PO-00730,2026-01-28,2026-02-27,270486,posted
AP-00731,VEN-011,PO-00731,2026-01-28,2026-02-27,93019,posted
AP-00732,VEN-012,PO-00732,2026-01-28,2026-02-27,114109,posted
AP-00733,VEN-013,PO-00733,2026-01-28,2026-02-27,132325,posted
AP-00734,VEN-014,PO-00734,2026-01-28,2026-02-27,153683,posted
AP-00735,VEN-015,PO-00735,2026-01-28,2026-02-27,173118,posted
AP-00736,VEN-016,PO-00736,2026-01-28,2026-02-27,194409,posted
AP-00737,VEN-017,PO-00737,2026-01-28,2026-02-27,210996,posted
AP-00738,VEN-018,PO-00738,2026-01-28,2026-02-27,230716,posted
AP-00739,VEN-019,PO-00739,2026-01-28,2026-02-27,254064,posted
AP-00740,VEN-020,PO-00740,2026-01-28,2026-02-27,273662,posted
AP-00741,VEN-021,PO-00741,2026-01-28,2026-02-27,93401,posted
AP-00742,VEN-022,PO-00742,2026-01-28,2026-02-27,113688,posted
AP-00743,VEN-023,PO-00743,2026-01-28,2026-02-27,134668,posted
AP-00744,VEN-024,PO-00744,2026-01-28,2026-02-27,152480,posted
AP-00745,VEN-025,PO-00745,2026-01-28,2026-02-27,173589,posted
AP-00746,VEN-026,PO-00746,2026-01-28,2026-02-27,191160,posted
AP-00747,VEN-027,PO-00747,2026-01-28,2026-02-27,211457,posted
AP-00748,VEN-028,PO-00748,2026-01-28,2026-02-27,231672,posted
AP-00749,VEN-029,PO-00749,2026-01-28,2026-02-27,253322,posted
AP-00750,VEN-030,PO-00750,2026-01-28,2026-02-27,273963,posted
AP-00751,VEN-031,PO-00751,2026-01-28,2026-02-27,93739,posted
AP-00752,VEN-032,PO-00752,2026-01-28,2026-02-27,111939,posted
AP-00753,VEN-033,PO-00753,2026-01-28,2026-02-27,130331,posted
AP-00754,VEN-034,PO-00754,2026-01-28,2026-02-27,151665,posted
AP-00755,VEN-035,PO-00755,2026-01-28,2026-02-27,172129,posted
AP-00756,VEN-036,PO-00756,2026-01-28,2026-02-27,191386,posted
AP-00757,VEN-037,PO-00757,2026-01-28,2026-02-27,210419,posted
AP-00758,VEN-038,PO-00758,2026-01-28,2026-02-27,233031,posted
AP-00759,VEN-039,PO-00759,2026-01-28,2026-02-27,253845,posted
AP-00760,VEN-040,PO-00760,2026-01-28,2026-02-27,274817,posted
AP-00761,VEN-041,PO-00761,2026-01-28,2026-02-27,93023,posted
AP-00762,VEN-042,PO-00762,2026-01-28,2026-02-27,114467,posted
AP-00763,VEN-043,PO-00763,2026-01-28,2026-02-27,134723,posted
AP-00764,VEN-044,PO-00764,2026-01-28,2026-02-27,150750,posted
AP-00765,VEN-045,PO-00765,2026-01-28,2026-02-27,174574,posted
AP-00766,VEN-046,PO-00766,2026-01-28,2026-02-27,191173,posted
AP-00767,VEN-047,PO-00767,2026-01-28,2026-02-27,211734,posted
AP-00768,VEN-048,PO-00768,2026-01-28,2026-02-27,232486,posted
AP-00769,VEN-049,PO-00769,2026-01-28,2026-02-27,251597,posted
AP-00770,VEN-050,PO-00770,2026-01-28,2026-02-27,273601,posted
AP-00771,VEN-051,PO-00771,2026-01-28,2026-02-27,92883,posted
AP-00772,VEN-052,PO-00772,2026-01-28,2026-02-27,113722,posted
AP-00773,VEN-053,PO-00773,2026-01-28,2026-02-27,134818,posted
AP-00774,VEN-054,PO-00774,2026-01-28,2026-02-27,153544,posted
AP-00775,VEN-055,PO-00775,2026-01-28,2026-02-27,174549,posted
AP-00776,VEN-056,PO-00776,2026-01-28,2026-02-27,193671,posted
AP-00777,VEN-057,PO-00777,2026-01-28,2026-02-27,211802,posted
AP-00778,VEN-058,PO-00778,2026-01-28,2026-02-27,231608,posted
AP-00779,VEN-059,PO-00779,2026-01-28,2026-02-27,253672,posted
AP-00780,VEN-060,PO-00780,2026-01-28,2026-02-27,270831,posted
AP-00781,VEN-001,PO-00781,2026-02-25,2026-03-27,90538,posted
AP-00782,VEN-002,PO-00782,2026-02-25,2026-03-27,114959,posted
AP-00783,VEN-003,PO-00783,2026-02-25,2026-03-27,130728,posted
AP-00784,VEN-004,PO-00784,2026-02-25,2026-03-27,153932,posted
AP-00785,VEN-005,PO-00785,2026-02-25,2026-03-27,170436,posted
AP-00786,VEN-006,PO-00786,2026-02-25,2026-03-27,194613,posted
AP-00787,VEN-007,PO-00787,2026-02-25,2026-03-27,212239,posted
AP-00788,VEN-008,PO-00788,2026-02-25,2026-03-27,233855,posted
AP-00789,VEN-009,PO-00789,2026-02-25,2026-03-27,252398,posted
AP-00790,VEN-010,PO-00790,2026-02-25,2026-03-27,270035,posted
AP-00791,VEN-011,PO-00791,2026-02-25,2026-03-27,91890,posted
AP-00792,VEN-012,PO-00792,2026-02-25,2026-03-27,114951,posted
AP-00793,VEN-013,PO-00793,2026-02-25,2026-03-27,130047,posted
AP-00794,VEN-014,PO-00794,2026-02-25,2026-03-27,150913,posted
AP-00795,VEN-015,PO-00795,2026-02-25,2026-03-27,173894,posted
AP-00796,VEN-016,PO-00796,2026-02-25,2026-03-27,192211,posted
AP-00797,VEN-017,PO-00797,2026-02-25,2026-03-27,212922,posted
AP-00798,VEN-018,PO-00798,2026-02-25,2026-03-27,233272,posted
AP-00799,VEN-019,PO-00799,2026-02-25,2026-03-27,251235,posted
AP-00800,VEN-020,PO-00800,2026-02-25,2026-03-27,273550,posted
AP-00801,VEN-021,PO-00801,2026-02-25,2026-03-27,91761,posted
AP-00802,VEN-022,PO-00802,2026-02-25,2026-03-27,110943,posted
AP-00803,VEN-023,PO-00803,2026-02-25,2026-03-27,132175,posted
AP-00804,VEN-024,PO-00804,2026-02-25,2026-03-27,154525,posted
AP-00805,VEN-025,PO-00805,2026-02-25,2026-03-27,172775,posted
AP-00806,VEN-026,PO-00806,2026-02-25,2026-03-27,194392,posted
AP-00807,VEN-027,PO-00807,2026-02-25,2026-03-27,213400,posted
AP-00808,VEN-028,PO-00808,2026-02-25,2026-03-27,231558,posted
AP-00809,VEN-029,PO-00809,2026-02-25,2026-03-27,251914,posted
AP-00810,VEN-030,PO-00810,2026-02-25,2026-03-27,272485,posted
AP-00811,VEN-031,PO-00811,2026-02-25,2026-03-27,91009,posted
AP-00812,VEN-032,PO-00812,2026-02-25,2026-03-27,112646,posted
AP-00813,VEN-033,PO-00813,2026-02-25,2026-03-27,134522,posted
AP-00814,VEN-034,PO-00814,2026-02-25,2026-03-27,151168,posted
AP-00815,VEN-035,PO-00815,2026-02-25,2026-03-27,172439,posted
AP-00816,VEN-036,PO-00816,2026-02-25,2026-03-27,190448,posted
AP-00817,VEN-037,PO-00817,2026-02-25,2026-03-27,210418,posted
AP-00818,VEN-038,PO-00818,2026-02-25,2026-03-27,231266,posted
AP-00819,VEN-039,PO-00819,2026-02-25,2026-03-27,251465,posted
AP-00820,VEN-040,PO-00820,2026-02-25,2026-03-27,271964,posted
AP-00821,VEN-041,PO-00821,2026-02-25,2026-03-27,92318,posted
AP-00822,VEN-042,PO-00822,2026-02-25,2026-03-27,111333,posted
AP-00823,VEN-043,PO-00823,2026-02-25,2026-03-27,130362,posted
AP-00824,VEN-044,PO-00824,2026-02-25,2026-03-27,152388,posted
AP-00825,VEN-045,PO-00825,2026-02-25,2026-03-27,170039,posted
AP-00826,VEN-046,PO-00826,2026-02-25,2026-03-27,193906,posted
AP-00827,VEN-047,PO-00827,2026-02-25,2026-03-27,210783,posted
AP-00828,VEN-048,PO-00828,2026-02-25,2026-03-27,232300,posted
AP-00829,VEN-049,PO-00829,2026-02-25,2026-03-27,254206,posted
AP-00830,VEN-050,PO-00830,2026-02-25,2026-03-27,270845,posted
AP-00831,VEN-051,PO-00831,2026-02-25,2026-03-27,90104,posted
AP-00832,VEN-052,PO-00832,2026-02-25,2026-03-27,112000,posted
AP-00833,VEN-053,PO-00833,2026-02-25,2026-03-27,131719,posted
AP-00834,VEN-054,PO-00834,2026-02-25,2026-03-27,152393,posted
AP-00835,VEN-055,PO-00835,2026-02-25,2026-03-27,170684,posted
AP-00836,VEN-056,PO-00836,2026-02-25,2026-03-27,194891,posted
AP-00837,VEN-057,PO-00837,2026-02-25,2026-03-27,214760,posted
AP-00838,VEN-058,PO-00838,2026-02-25,2026-03-27,232171,posted
AP-00839,VEN-059,PO-00839,2026-02-25,2026-03-27,254541,posted
AP-00840,VEN-060,PO-00840,2026-02-25,2026-03-27,270122,posted
AP-00841,VEN-001,PO-00841,2026-03-28,2026-04-27,91303,posted
AP-00842,VEN-002,PO-00842,2026-03-28,2026-04-27,113127,posted
AP-00843,VEN-003,PO-00843,2026-03-28,2026-04-27,130230,posted
AP-00844,VEN-004,PO-00844,2026-03-28,2026-04-27,151917,posted
AP-00845,VEN-005,PO-00845,2026-03-28,2026-04-27,172817,posted
AP-00846,VEN-006,PO-00846,2026-03-28,2026-04-27,192796,posted
AP-00847,VEN-007,PO-00847,2026-03-28,2026-04-27,214482,posted
AP-00848,VEN-008,PO-00848,2026-03-28,2026-04-27,233837,posted
AP-00849,VEN-009,PO-00849,2026-03-28,2026-04-27,251389,posted
AP-00850,VEN-010,PO-00850,2026-03-28,2026-04-27,271617,posted
AP-00851,VEN-011,PO-00851,2026-03-28,2026-04-27,94727,posted
AP-00852,VEN-012,PO-00852,2026-03-28,2026-04-27,110563,posted
AP-00853,VEN-013,PO-00853,2026-03-28,2026-04-27,131795,posted
AP-00854,VEN-014,PO-00854,2026-03-28,2026-04-27,151668,posted
AP-00855,VEN-015,PO-00855,2026-03-28,2026-04-27,174830,posted
AP-00856,VEN-016,PO-00856,2026-03-28,2026-04-27,193226,posted
AP-00857,VEN-017,PO-00857,2026-03-28,2026-04-27,213036,posted
AP-00858,VEN-018,PO-00858,2026-03-28,2026-04-27,233552,posted
AP-00859,VEN-019,PO-00859,2026-03-28,2026-04-27,251136,posted
AP-00860,VEN-020,PO-00860,2026-03-28,2026-04-27,274428,posted
AP-00861,VEN-021,PO-00861,2026-03-28,2026-04-27,92849,posted
AP-00862,VEN-022,PO-00862,2026-03-28,2026-04-27,110726,posted
AP-00863,VEN-023,PO-00863,2026-03-28,2026-04-27,134795,posted
AP-00864,VEN-024,PO-00864,2026-03-28,2026-04-27,153663,posted
AP-00865,VEN-025,PO-00865,2026-03-28,2026-04-27,172165,posted
AP-00866,VEN-026,PO-00866,2026-03-28,2026-04-27,190121,posted
AP-00867,VEN-027,PO-00867,2026-03-28,2026-04-27,214506,posted
AP-00868,VEN-028,PO-00868,2026-03-28,2026-04-27,230225,posted
AP-00869,VEN-029,PO-00869,2026-03-28,2026-04-27,254695,posted
AP-00870,VEN-030,PO-00870,2026-03-28,2026-04-27,273618,posted
AP-00871,VEN-031,PO-00871,2026-03-28,2026-04-27,92952,posted
AP-00872,VEN-032,PO-00872,2026-03-28,2026-04-27,111856,posted
AP-00873,VEN-033,PO-00873,2026-03-28,2026-04-27,133577,posted
AP-00874,VEN-034,PO-00874,2026-03-28,2026-04-27,152752,posted
AP-00875,VEN-035,PO-00875,2026-03-28,2026-04-27,173333,posted
AP-00876,VEN-036,PO-00876,2026-03-28,2026-04-27,190496,posted
AP-00877,VEN-037,PO-00877,2026-03-28,2026-04-27,213860,posted
AP-00878,VEN-038,PO-00878,2026-03-28,2026-04-27,231736,posted
AP-00879,VEN-039,PO-00879,2026-03-28,2026-04-27,252895,posted
AP-00880,VEN-040,PO-00880,2026-03-28,2026-04-27,273472,posted
AP-00881,VEN-041,PO-00881,2026-03-28,2026-04-27,92277,posted
AP-00882,VEN-042,PO-00882,2026-03-28,2026-04-27,112381,posted
AP-00883,VEN-043,PO-00883,2026-03-28,2026-04-27,132236,posted
AP-00884,VEN-044,PO-00884,2026-03-28,2026-04-27,154195,posted
AP-00885,VEN-045,PO-00885,2026-03-28,2026-04-27,174199,posted
AP-00886,VEN-046,PO-00886,2026-03-28,2026-04-27,192669,posted
AP-00887,VEN-047,PO-00887,2026-03-28,2026-04-27,214348,posted
AP-00888,VEN-048,PO-00888,2026-03-28,2026-04-27,230685,posted
AP-00889,VEN-049,PO-00889,2026-03-28,2026-04-27,251130,posted
AP-00890,VEN-050,PO-00890,2026-03-28,2026-04-27,272103,posted
AP-00891,VEN-051,PO-00891,2026-03-28,2026-04-27,91331,posted
AP-00892,VEN-052,PO-00892,2026-03-28,2026-04-27,114035,posted
AP-00893,VEN-053,PO-00893,2026-03-28,2026-04-27,130019,posted
AP-00894,VEN-054,PO-00894,2026-03-28,2026-04-27,154507,posted
AP-00895,VEN-055,PO-00895,2026-03-28,2026-04-27,170259,posted
AP-00896,VEN-056,PO-00896,2026-03-28,2026-04-27,191708,posted
AP-00897,VEN-057,PO-00897,2026-03-28,2026-04-27,210032,posted
AP-00898,VEN-058,PO-00898,2026-03-28,2026-04-27,234829,posted
AP-00899,VEN-059,PO-00899,2026-03-28,2026-04-27,252120,posted
AP-00900,VEN-060,PO-00900,2026-03-28,2026-04-27,273541,posted
AP-00901,VEN-001,PO-00901,2026-04-27,2026-05-27,92899,posted
AP-00902,VEN-002,PO-00902,2026-04-27,2026-05-27,114314,posted
AP-00903,VEN-003,PO-00903,2026-04-27,2026-05-27,131619,posted
AP-00904,VEN-004,PO-00904,2026-04-27,2026-05-27,153145,posted
AP-00905,VEN-005,PO-00905,2026-04-27,2026-05-27,174817,posted
AP-00906,VEN-006,PO-00906,2026-04-27,2026-05-27,194378,posted
AP-00907,VEN-007,PO-00907,2026-04-27,2026-05-27,214987,posted
AP-00908,VEN-008,PO-00908,2026-04-27,2026-05-27,233271,posted
AP-00909,VEN-009,PO-00909,2026-04-27,2026-05-27,252952,posted
AP-00910,VEN-010,PO-00910,2026-04-27,2026-05-27,274315,posted
AP-00911,VEN-011,PO-00911,2026-04-27,2026-05-27,91833,posted
AP-00912,VEN-012,PO-00912,2026-04-27,2026-05-27,111385,posted
AP-00913,VEN-013,PO-00913,2026-04-27,2026-05-27,130124,posted
AP-00914,VEN-014,PO-00914,2026-04-27,2026-05-27,152067,posted
AP-00915,VEN-015,PO-00915,2026-04-27,2026-05-27,173262,posted
AP-00916,VEN-016,PO-00916,2026-04-27,2026-05-27,191458,posted
AP-00917,VEN-017,PO-00917,2026-04-27,2026-05-27,210038,posted
AP-00918,VEN-018,PO-00918,2026-04-27,2026-05-27,234017,posted
AP-00919,VEN-019,PO-00919,2026-04-27,2026-05-27,254781,posted
AP-00920,VEN-020,PO-00920,2026-04-27,2026-05-27,273705,posted
AP-00921,VEN-021,PO-00921,2026-04-27,2026-05-27,94725,posted
AP-00922,VEN-022,PO-00922,2026-04-27,2026-05-27,112947,posted
AP-00923,VEN-023,PO-00923,2026-04-27,2026-05-27,132177,posted
AP-00924,VEN-024,PO-00924,2026-04-27,2026-05-27,150450,posted
AP-00925,VEN-025,PO-00925,2026-04-27,2026-05-27,174092,posted
AP-00926,VEN-026,PO-00926,2026-04-27,2026-05-27,191645,posted
AP-00927,VEN-027,PO-00927,2026-04-27,2026-05-27,214941,posted
AP-00928,VEN-028,PO-00928,2026-04-27,2026-05-27,234381,posted
AP-00929,VEN-029,PO-00929,2026-04-27,2026-05-27,252826,posted
AP-00930,VEN-030,PO-00930,2026-04-27,2026-05-27,274942,posted
AP-00931,VEN-031,PO-00931,2026-04-27,2026-05-27,93836,posted
AP-00932,VEN-032,PO-00932,2026-04-27,2026-05-27,114289,posted
AP-00933,VEN-033,PO-00933,2026-04-27,2026-05-27,130580,posted
AP-00934,VEN-034,PO-00934,2026-04-27,2026-05-27,151411,posted
AP-00935,VEN-035,PO-00935,2026-04-27,2026-05-27,174689,posted
AP-00936,VEN-036,PO-00936,2026-04-27,2026-05-27,190665,posted
AP-00937,VEN-037,PO-00937,2026-04-27,2026-05-27,211640,posted
AP-00938,VEN-038,PO-00938,2026-04-27,2026-05-27,230327,posted
AP-00939,VEN-039,PO-00939,2026-04-27,2026-05-27,254211,posted
AP-00940,VEN-040,PO-00940,2026-04-27,2026-05-27,274214,posted
AP-00941,VEN-041,PO-00941,2026-04-27,2026-05-27,92260,posted
AP-00942,VEN-042,PO-00942,2026-04-27,2026-05-27,112118,posted
AP-00943,VEN-043,PO-00943,2026-04-27,2026-05-27,130090,posted
AP-00944,VEN-044,PO-00944,2026-04-27,2026-05-27,150144,posted
AP-00945,VEN-045,PO-00945,2026-04-27,2026-05-27,174917,posted
AP-00946,VEN-046,PO-00946,2026-04-27,2026-05-27,193542,posted
AP-00947,VEN-047,PO-00947,2026-04-27,2026-05-27,211222,posted
AP-00948,VEN-048,PO-00948,2026-04-27,2026-05-27,233840,posted
AP-00949,VEN-049,PO-00949,2026-04-27,2026-05-27,250641,posted
AP-00950,VEN-050,PO-00950,2026-04-27,2026-05-27,272075,posted
AP-00951,VEN-051,PO-00951,2026-04-27,2026-05-27,92867,posted
AP-00952,VEN-052,PO-00952,2026-04-27,2026-05-27,111539,posted
AP-00953,VEN-053,PO-00953,2026-04-27,2026-05-27,130777,posted
AP-00954,VEN-054,PO-00954,2026-04-27,2026-05-27,152298,posted
AP-00955,VEN-055,PO-00955,2026-04-27,2026-05-27,174549,posted
AP-00956,VEN-056,PO-00956,2026-04-27,2026-05-27,194109,posted
AP-00957,VEN-057,PO-00957,2026-04-27,2026-05-27,213963,posted
AP-00958,VEN-058,PO-00958,2026-04-27,2026-05-27,230808,posted
AP-00959,VEN-059,PO-00959,2026-04-27,2026-05-27,251152,posted
AP-00960,VEN-060,PO-00960,2026-04-27,2026-05-27,272129,posted
AP-00961,VEN-001,PO-00961,2026-05-28,2026-06-27,94701,posted
AP-00962,VEN-002,PO-00962,2026-05-28,2026-06-27,113059,posted
AP-00963,VEN-003,PO-00963,2026-05-28,2026-06-27,130161,posted
AP-00964,VEN-004,PO-00964,2026-05-28,2026-06-27,150336,posted
AP-00965,VEN-005,PO-00965,2026-05-28,2026-06-27,171445,posted
AP-00966,VEN-006,PO-00966,2026-05-28,2026-06-27,194897,posted
AP-00967,VEN-007,PO-00967,2026-05-28,2026-06-27,212910,posted
AP-00968,VEN-008,PO-00968,2026-05-28,2026-06-27,233329,posted
AP-00969,VEN-009,PO-00969,2026-05-28,2026-06-27,250424,posted
AP-00970,VEN-010,PO-00970,2026-05-28,2026-06-27,270096,posted
AP-00971,VEN-011,PO-00971,2026-05-28,2026-06-27,91814,posted
AP-00972,VEN-012,PO-00972,2026-05-28,2026-06-27,114744,posted
AP-00973,VEN-013,PO-00973,2026-05-28,2026-06-27,132902,posted
AP-00974,VEN-014,PO-00974,2026-05-28,2026-06-27,151665,posted
AP-00975,VEN-015,PO-00975,2026-05-28,2026-06-27,171313,posted
AP-00976,VEN-016,PO-00976,2026-05-28,2026-06-27,192941,posted
AP-00977,VEN-017,PO-00977,2026-05-28,2026-06-27,212887,posted
AP-00978,VEN-018,PO-00978,2026-05-28,2026-06-27,232872,posted
AP-00979,VEN-019,PO-00979,2026-05-28,2026-06-27,251399,posted
AP-00980,VEN-020,PO-00980,2026-05-28,2026-06-27,273374,posted
AP-00981,VEN-021,PO-00981,2026-05-28,2026-06-27,91946,posted
AP-00982,VEN-022,PO-00982,2026-05-28,2026-06-27,114690,posted
AP-00983,VEN-023,PO-00983,2026-05-28,2026-06-27,130926,posted
AP-00984,VEN-024,PO-00984,2026-05-28,2026-06-27,154288,posted
AP-00985,VEN-025,PO-00985,2026-05-28,2026-06-27,170905,posted
AP-00986,VEN-026,PO-00986,2026-05-28,2026-06-27,194612,posted
AP-00987,VEN-027,PO-00987,2026-05-28,2026-06-27,212139,posted
AP-00988,VEN-028,PO-00988,2026-05-28,2026-06-27,234279,posted
AP-00989,VEN-029,PO-00989,2026-05-28,2026-06-27,254118,posted
AP-00990,VEN-030,PO-00990,2026-05-28,2026-06-27,274337,posted
AP-00991,VEN-031,PO-00991,2026-05-28,2026-06-27,91255,posted
AP-00992,VEN-032,PO-00992,2026-05-28,2026-06-27,111034,posted
AP-00993,VEN-033,PO-00993,2026-05-28,2026-06-27,132721,posted
AP-00994,VEN-034,PO-00994,2026-05-28,2026-06-27,154889,posted
AP-00995,VEN-035,PO-00995,2026-05-28,2026-06-27,170210,posted
AP-00996,VEN-036,PO-00996,2026-05-28,2026-06-27,193399,posted
AP-00997,VEN-037,PO-00997,2026-05-28,2026-06-27,211950,posted
AP-00998,VEN-038,PO-00998,2026-05-28,2026-06-27,233220,posted
AP-00999,VEN-039,PO-00999,2026-05-28,2026-06-27,254846,posted
AP-01000,VEN-040,PO-01000,2026-05-28,2026-06-27,272284,posted
AP-01001,VEN-041,PO-01001,2026-05-28,2026-06-27,92630,posted
AP-01002,VEN-042,PO-01002,2026-05-28,2026-06-27,111587,posted
AP-01003,VEN-043,PO-01003,2026-05-28,2026-06-27,132580,posted
AP-01004,VEN-044,PO-01004,2026-05-28,2026-06-27,154583,posted
AP-01005,VEN-045,PO-01005,2026-05-28,2026-06-27,170930,posted
AP-01006,VEN-046,PO-01006,2026-05-28,2026-06-27,192783,posted
AP-01007,VEN-047,PO-01007,2026-05-28,2026-06-27,211126,posted
AP-01008,VEN-048,PO-01008,2026-05-28,2026-06-27,231591,posted
AP-01009,VEN-049,PO-01009,2026-05-28,2026-06-27,253130,posted
AP-01010,VEN-050,PO-01010,2026-05-28,2026-06-27,270842,posted
AP-01011,VEN-051,PO-01011,2026-05-28,2026-06-27,92219,posted
AP-01012,VEN-052,PO-01012,2026-05-28,2026-06-27,110851,posted
AP-01013,VEN-053,PO-01013,2026-05-28,2026-06-27,131223,posted
AP-01014,VEN-054,PO-01014,2026-05-28,2026-06-27,151807,posted
AP-01015,VEN-055,PO-01015,2026-05-28,2026-06-27,173261,posted
AP-01016,VEN-056,PO-01016,2026-05-28,2026-06-27,190839,posted
AP-01017,VEN-057,PO-01017,2026-05-28,2026-06-27,213368,posted
AP-01018,VEN-058,PO-01018,2026-05-28,2026-06-27,233740,posted
AP-01019,VEN-059,PO-01019,2026-05-28,2026-06-27,254720,posted
AP-01020,VEN-060,PO-01020,2026-05-28,2026-06-27,270544,posted
AP-01021,VEN-001,PO-01021,2026-06-27,2026-07-27,92018,posted
AP-01022,VEN-002,PO-01022,2026-06-27,2026-07-27,112775,posted
AP-01023,VEN-003,PO-01023,2026-06-27,2026-07-27,131507,posted
AP-01024,VEN-004,PO-01024,2026-06-27,2026-07-27,154779,posted
AP-01025,VEN-005,PO-01025,2026-06-27,2026-07-27,170822,posted
AP-01026,VEN-006,PO-01026,2026-06-27,2026-07-27,190842,posted
AP-01027,VEN-007,PO-01027,2026-06-27,2026-07-27,211895,posted
AP-01028,VEN-008,PO-01028,2026-06-27,2026-07-27,231941,posted
AP-01029,VEN-009,PO-01029,2026-06-27,2026-07-27,254889,posted
AP-01030,VEN-010,PO-01030,2026-06-27,2026-07-27,271393,posted
AP-01031,VEN-011,PO-01031,2026-06-27,2026-07-27,91900,posted
AP-01032,VEN-012,PO-01032,2026-06-27,2026-07-27,113831,posted
AP-01033,VEN-013,PO-01033,2026-06-27,2026-07-27,134401,posted
AP-01034,VEN-014,PO-01034,2026-06-27,2026-07-27,153749,posted
AP-01035,VEN-015,PO-01035,2026-06-27,2026-07-27,171181,posted
AP-01036,VEN-016,PO-01036,2026-06-27,2026-07-27,193639,posted
AP-01037,VEN-017,PO-01037,2026-06-27,2026-07-27,213449,posted
AP-01038,VEN-018,PO-01038,2026-06-27,2026-07-27,231493,posted
AP-01039,VEN-019,PO-01039,2026-06-27,2026-07-27,250018,posted
AP-01040,VEN-020,PO-01040,2026-06-27,2026-07-27,270549,posted
AP-01041,VEN-021,PO-01041,2026-06-27,2026-07-27,91575,posted
AP-01042,VEN-022,PO-01042,2026-06-27,2026-07-27,110545,posted
AP-01043,VEN-023,PO-01043,2026-06-27,2026-07-27,131684,posted
AP-01044,VEN-024,PO-01044,2026-06-27,2026-07-27,150250,posted
AP-01045,VEN-025,PO-01045,2026-06-27,2026-07-27,171241,posted
AP-01046,VEN-026,PO-01046,2026-06-27,2026-07-27,190948,posted
AP-01047,VEN-027,PO-01047,2026-06-27,2026-07-27,213333,posted
AP-01048,VEN-028,PO-01048,2026-06-27,2026-07-27,232854,posted
AP-01049,VEN-029,PO-01049,2026-06-27,2026-07-27,250394,posted
AP-01050,VEN-030,PO-01050,2026-06-27,2026-07-27,274155,posted
AP-01051,VEN-031,PO-01051,2026-06-27,2026-07-27,91248,posted
AP-01052,VEN-032,PO-01052,2026-06-27,2026-07-27,112545,posted
AP-01053,VEN-033,PO-01053,2026-06-27,2026-07-27,130809,posted
AP-01054,VEN-034,PO-01054,2026-06-27,2026-07-27,152047,posted
AP-01055,VEN-035,PO-01055,2026-06-27,2026-07-27,173076,posted
AP-01056,VEN-036,PO-01056,2026-06-27,2026-07-27,194336,posted
AP-01057,VEN-037,PO-01057,2026-06-27,2026-07-27,211587,posted
AP-01058,VEN-038,PO-01058,2026-06-27,2026-07-27,231544,posted
AP-01059,VEN-039,PO-01059,2026-06-27,2026-07-27,250430,posted
AP-01060,VEN-040,PO-01060,2026-06-27,2026-07-27,274542,posted
AP-01061,VEN-041,PO-01061,2026-06-27,2026-07-27,93643,posted
AP-01062,VEN-042,PO-01062,2026-06-27,2026-07-27,113859,posted
AP-01063,VEN-043,PO-01063,2026-06-27,2026-07-27,134696,posted
AP-01064,VEN-044,PO-01064,2026-06-27,2026-07-27,150877,posted
AP-01065,VEN-045,PO-01065,2026-06-27,2026-07-27,172756,posted
AP-01066,VEN-046,PO-01066,2026-06-27,2026-07-27,194175,posted
AP-01067,VEN-047,PO-01067,2026-06-27,2026-07-27,213242,posted
AP-01068,VEN-048,PO-01068,2026-06-27,2026-07-27,230282,posted
AP-01069,VEN-049,PO-01069,2026-06-27,2026-07-27,251778,posted
AP-01070,VEN-050,PO-01070,2026-06-27,2026-07-27,273799,posted
AP-01071,VEN-051,PO-01071,2026-06-27,2026-07-27,94987,posted
AP-01072,VEN-052,PO-01072,2026-06-27,2026-07-27,110897,posted
AP-01073,VEN-053,PO-01073,2026-06-27,2026-07-27,133516,posted
AP-01074,VEN-054,PO-01074,2026-06-27,2026-07-27,150607,posted
AP-01075,VEN-055,PO-01075,2026-06-27,2026-07-27,172242,posted
AP-01076,VEN-056,PO-01076,2026-06-27,2026-07-27,193828,posted
AP-01077,VEN-057,PO-01077,2026-06-27,2026-07-27,210801,posted
AP-01078,VEN-058,PO-01078,2026-06-27,2026-07-27,231067,posted
AP-01079,VEN-059,PO-01079,2026-06-27,2026-07-27,252584,posted
AP-01080,VEN-060,PO-01080,2026-06-27,2026-07-27,270285,posted
